	seqnames	start	end	width	strand	z.score	n.peaks	k.carriers
1	chr19	3116800	3117349	550	*	24.9617781394457	4	4
2	chr19	3325100	3325699	600	*	42.9209786808053	7	7
3	chr19	3558850	3559549	700	*	21.2636880761179	4	4
4	chr19	3561350	3561899	550	*	22.566367039704	4	4
5	chr19	3707750	3708749	1000	*	47.0106991869639	6	5
6	chr19	3783950	3785399	1450	*	27.9015114581543	6	4
7	chr19	3934550	3935249	700	*	34.4314712249208	4	4
8	chr19	4049300	4049949	650	*	45.8750612437026	4	4
9	chr19	4066750	4067349	600	*	40.7107990411545	4	4
10	chr19	4073750	4074899	1150	*	32.795651706022	5	5
11	chr19	4385650	4386499	850	*	33.3243574479731	4	4
12	chr19	4462650	4463349	700	*	44.5901643534425	4	4
13	chr19	4949850	4950799	950	*	25.9500907184593	5	5
14	chr19	5023900	5024449	550	*	33.7654863461365	4	4
15	chr19	5075550	5076599	1050	*	28.0945809747505	5	4
16	chr19	5349000	5349949	950	*	31.3237829006969	4	4
17	chr19	5366900	5367499	600	*	29.4966056462845	4	4
18	chr19	5397550	5398249	700	*	28.2110872135721	4	4
19	chr19	5552050	5552799	750	*	33.410118087913	4	4
20	chr19	5559800	5560449	650	*	75.0740422958187	4	4
21	chr19	5571550	5572899	1350	*	34.9522490849671	5	5
22	chr19	5609700	5610249	550	*	43.6527545643805	6	6
23	chr19	5625550	5626249	700	*	35.2997120097342	4	4
24	chr19	5745400	5746099	700	*	34.0956664257446	4	4
25	chr19	5936550	5937749	1200	*	25.9410253741353	4	4
26	chr19	5964050	5964499	450	*	38.0762846597502	4	4
27	chr19	6084600	6085349	750	*	33.923840171712	5	5
28	chr19	6184350	6184799	450	*	35.6537898719674	4	4
29	chr19	6320350	6320999	650	*	45.2061287901103	4	4
30	chr19	6357400	6358099	700	*	32.83001017658	4	4
31	chr19	6375400	6376349	950	*	51.9123614262467	5	4
32	chr19	6381350	6382249	900	*	33.0324043369373	4	4
33	chr19	6418450	6419049	600	*	43.3969597201796	6	6
34	chr19	6480900	6481999	1100	*	37.855456008957	4	4
35	chr19	6683300	6684149	850	*	30.0449355225327	4	4
36	chr19	6929750	6930949	1200	*	35.350901684472	4	4
37	chr19	6983850	6984449	600	*	50.7709332315668	5	5
38	chr19	7073500	7074399	900	*	35.8254610208319	4	4
39	chr19	7231750	7232849	1100	*	34.5938705411641	5	4
40	chr19	7282700	7283549	850	*	26.5450181777141	4	4
41	chr19	7320150	7321399	1250	*	23.8634342011688	5	4
42	chr19	7341400	7342199	800	*	60.7995264828909	4	4
43	chr19	7348700	7349249	550	*	32.3049167152768	5	5
44	chr19	7464550	7465749	1200	*	31.416735536134	5	4
45	chr19	7527850	7528699	850	*	32.0618825112191	4	4
46	chr19	7646000	7647049	1050	*	27.031301885793	4	4
47	chr19	7673950	7674649	700	*	29.8490460588579	4	4
48	chr19	7701450	7702749	1300	*	29.4879735801205	6	4
49	chr19	7961800	7962949	1150	*	27.596099260173	4	4
50	chr19	7964450	7965699	1250	*	24.6527411243335	6	4
51	chr19	8261900	8262749	850	*	43.7179673421311	4	4
52	chr19	8384300	8384999	700	*	33.1834285814039	4	4
53	chr19	8578150	8579149	1000	*	31.9075041120858	4	4
54	chr19	8594100	8595499	1400	*	36.8124371939357	5	4
55	chr19	8787750	8788349	600	*	39.1008491842081	6	6
56	chr19	8836100	8836599	500	*	25.2355877311062	4	4
57	chr19	8866750	8867699	950	*	29.7662905565325	5	4
58	chr19	8911650	8912299	650	*	44.6165063481604	6	6
59	chr19	8927550	8928349	800	*	47.3823335123781	4	4
60	chr19	8932500	8933949	1450	*	26.7498672820878	5	5
61	chr19	8947100	8947999	900	*	32.8502547918039	4	4
62	chr19	8972250	8974049	1800	*	41.2905700181535	5	4
63	chr19	9017150	9018499	1350	*	25.0505718603638	4	4
64	chr19	9146900	9147899	1000	*	45.024884994878	5	5
65	chr19	9276200	9277149	950	*	27.9905927394104	4	4
66	chr19	9295250	9295949	700	*	37.2047665359136	4	4
67	chr19	9322300	9323399	1100	*	40.0731223287499	4	4
68	chr19	9568350	9569649	1300	*	36.635825888258	4	4
69	chr19	9791800	9792699	900	*	32.9587842787336	6	6
70	chr19	9828200	9829199	1000	*	47.0312008696459	6	5
71	chr19	9895000	9895849	850	*	28.9865180848948	4	4
72	chr19	10035850	10036449	600	*	25.7726121493788	4	4
73	chr19	10175700	10176699	1000	*	46.1853806253124	5	4
74	chr19	10468750	10469399	650	*	34.1965119456516	5	5
75	chr19	10553350	10553899	550	*	32.5502492523635	4	4
76	chr19	10596850	10597549	700	*	37.6994793807047	4	4
77	chr19	10626700	10627549	850	*	33.7954131331318	5	5
78	chr19	10747150	10747799	650	*	26.6109310230338	4	4
79	chr19	10917050	10918049	1000	*	39.7632295960692	5	5
80	chr19	10933150	10933749	600	*	34.1623407865244	4	4
81	chr19	10943850	10944449	600	*	61.8264728327105	6	6
82	chr19	11100900	11101799	900	*	31.7328735324945	4	4
83	chr19	11103000	11104049	1050	*	33.7426687694416	4	4
84	chr19	11271900	11272449	550	*	25.7399627584391	4	4
85	chr19	11520100	11520949	850	*	28.4495250755586	4	4
86	chr19	11635200	11635899	700	*	25.52176746292	4	4
87	chr19	11778750	11779449	700	*	33.0769954766924	4	4
88	chr19	12200800	12201849	1050	*	28.2321872603259	5	5
89	chr19	12352650	12353749	1100	*	27.1071132018629	5	4
90	chr19	12387300	12387949	650	*	24.479128285006	4	4
91	chr19	12417600	12418599	1000	*	26.7034044489498	5	5
92	chr19	12609400	12610249	850	*	31.0953264299334	4	4
93	chr19	12684600	12685199	600	*	34.959774808907	4	4
94	chr19	12742550	12743049	500	*	27.3186538473784	4	4
95	chr19	12868700	12869649	950	*	70.6722872548681	4	4
96	chr19	12944900	12946249	1350	*	33.6268486760759	4	4
97	chr19	13015750	13017249	1500	*	27.9316796767007	5	4
98	chr19	13491100	13491899	800	*	27.1716711014312	4	4
99	chr19	13830350	13831249	900	*	37.4838969203424	4	4
100	chr19	14044800	14045699	900	*	32.8024822186731	4	4
101	chr19	14048900	14049799	900	*	36.5983551333102	4	4
102	chr19	14598150	14598949	800	*	32.267155937627	4	4
103	chr19	15151150	15152899	1750	*	27.7618672478321	8	5
104	chr19	15355750	15356299	550	*	42.8002986887977	4	4
105	chr19	15457350	15458599	1250	*	26.0123312514145	4	4
106	chr19	16319100	16319649	550	*	26.9294404496258	4	4
107	chr19	16341650	16342349	700	*	32.3593367551674	4	4
108	chr19	16371950	16373449	1500	*	29.6568493466494	5	5
109	chr19	16660150	16660849	700	*	29.8487763234946	4	4
110	chr19	16841150	16841949	800	*	46.3521378816702	5	5
111	chr19	16875550	16876499	950	*	39.4498755942496	4	4
112	chr19	17030100	17031249	1150	*	36.39399001477	7	6
113	chr19	17112950	17114299	1350	*	28.9735665366355	4	4
114	chr19	18145200	18145949	750	*	33.8600341893903	4	4
115	chr19	18217200	18217849	650	*	36.8029256218853	4	4
116	chr19	18367950	18368649	700	*	29.361123820443	4	4
117	chr19	18374650	18376599	1950	*	33.6139578517005	8	5
118	chr19	18377400	18378399	1000	*	25.3155350567216	4	4
119	chr19	18867900	18868749	850	*	47.7961421847572	4	4
120	chr19	19285000	19285849	850	*	21.8117772197959	4	4
121	chr19	19800150	19801699	1550	*	28.4370741214247	4	4
122	chr19	19811400	19811999	600	*	31.3718893380045	4	4
123	chr19	19878600	19879649	1050	*	20.7825756655946	4	4
124	chr19	19893250	19894499	1250	*	38.2262527828201	5	4
125	chr19	20411350	20412249	900	*	28.798590566225	4	4
126	chr19	20561150	20561899	750	*	23.7102394733836	5	5
127	chr19	20594700	20595449	750	*	30.7890440925876	5	5
128	chr19	20624550	20625199	650	*	27.2897541216079	4	4
129	chr19	20746100	20746949	850	*	26.8839230093969	4	4
130	chr19	20963100	20963749	650	*	26.6343382667938	4	4
131	chr19	21185250	21185799	550	*	30.1069985839059	4	4
132	chr19	21676550	21677699	1150	*	35.447077413401	4	4
133	chr19	21773800	21774549	750	*	43.7154419815473	4	4
134	chr19	21981050	21982299	1250	*	26.9991055431822	4	4
135	chr19	22319150	22320049	900	*	32.916713780222	4	4
136	chr19	22415850	22416449	600	*	32.3955629610389	4	4
137	chr19	22718900	22719349	450	*	27.9067696788334	6	6
138	chr19	22903200	22904099	900	*	29.7966961136821	5	5
139	chr19	22963250	22963849	600	*	26.8726684598108	4	4
140	chr19	23290450	23291399	950	*	37.6830988950034	5	4
141	chr19	23309050	23310199	1150	*	34.5182303797513	4	4
142	chr19	23327050	23328149	1100	*	26.277334102136	4	4
143	chr19	23431750	23432199	450	*	27.58699189686	4	4
144	chr19	23670700	23671899	1200	*	22.8419985963472	4	4
145	chr19	23744700	23745549	850	*	23.5375755777453	4	4
146	chr19	24078950	24079549	600	*	30.2086090176094	4	4
147	chr19	24260200	24260799	600	*	35.2435313670734	5	5
148	chr19	24347450	24348199	750	*	29.5758926696089	4	4
149	chr19	24482600	24483149	550	*	36.2314414500581	4	4
150	chr19	25202800	25203399	600	*	47.0724336865903	4	4
151	chr19	25222800	25223949	1150	*	37.7052867152719	6	5
152	chr19	25580200	25580749	550	*	47.9400826301118	5	5
153	chr19	25600200	25600749	550	*	40.3362255658764	5	5
154	chr19	25780950	25781649	700	*	31.6131047548004	4	4
155	chr19	25818600	25819699	1100	*	37.8028477203215	4	4
156	chr19	25834650	25835349	700	*	32.6646695101313	4	4
157	chr19	26306600	26307299	700	*	30.8695290562061	4	4
158	chr19	26311850	26312349	500	*	33.5615082276652	4	4
159	chr19	26799500	26800049	550	*	34.720468888761	4	4
160	chr19	26900000	26900999	1000	*	34.8336932747115	4	4
161	chr19	26974500	26975249	750	*	42.5673397936629	4	4
162	chr19	26980700	26982199	1500	*	31.4294232436855	6	4
163	chr19	26983200	26983949	750	*	33.5419684809183	4	4
164	chr19	27788900	27789899	1000	*	29.3622123163217	5	4
165	chr19	27947300	27948349	1050	*	31.2933091097746	4	4
166	chr19	28746750	28747399	650	*	33.6917339784156	4	4
167	chr19	28815550	28816699	1150	*	24.8053832393467	6	6
168	chr19	28859350	28860449	1100	*	34.6878105745531	4	4
169	chr19	28920500	28921299	800	*	23.8431101430145	4	4
170	chr19	29325550	29326099	550	*	66.3597366949269	4	4
171	chr19	29355750	29356399	650	*	28.8292109559917	4	4
172	chr19	29485800	29486849	1050	*	38.5292218460452	6	5
173	chr19	29627450	29628199	750	*	25.8664070553981	4	4
174	chr19	29887150	29888349	1200	*	31.2555102665438	5	5
175	chr19	30421200	30421849	650	*	27.3429136601101	4	4
176	chr19	3282700	3283399	700	*	31.8150036759972	5	5
177	chr19	3318100	3318749	650	*	55.8008323553245	4	4
178	chr19	3323100	3323749	650	*	41.7582324114444	6	6
179	chr19	3388750	3389549	800	*	69.0014537625471	8	8
180	chr19	3531000	3531599	600	*	33.1324826871468	6	6
181	chr19	3536500	3537649	1150	*	48.6958850543042	5	4
182	chr19	3575100	3577049	1950	*	69.1948775076558	9	7
183	chr19	3595600	3596149	550	*	31.8134524468418	5	5
184	chr19	3685700	3686549	850	*	47.7298289604301	8	8
185	chr19	3711850	3713099	1250	*	41.1574915002616	5	5
186	chr19	3767450	3769149	1700	*	55.8591016998851	15	7
187	chr19	3825600	3826249	650	*	26.6929865874853	4	4
188	chr19	3851500	3853599	2100	*	72.5975441194703	12	8
189	chr19	3903250	3903849	600	*	28.843629007284	4	4
190	chr19	4000350	4000999	650	*	56.3833651290996	8	8
191	chr19	4053650	4054949	1300	*	69.8650588063815	6	4
192	chr19	4096750	4097599	850	*	38.2436372720292	7	7
193	chr19	4100700	4101249	550	*	74.7022729267958	6	6
194	chr19	4125700	4126349	650	*	58.0215660964725	8	8
195	chr19	4148300	4148999	700	*	48.2612759439111	7	7
196	chr19	4169150	4170849	1700	*	63.333287455984	9	8
197	chr19	4191600	4192749	1150	*	44.398182951551	7	7
198	chr19	4214450	4215549	1100	*	55.6443570067166	11	7
199	chr19	4274050	4274649	600	*	25.0448762467975	4	4
200	chr19	4282750	4283299	550	*	59.6653030279227	7	7
201	chr19	4305650	4306149	500	*	82.0624212163836	7	7
202	chr19	4372800	4373449	650	*	26.4940504435009	4	4
203	chr19	4396400	4399999	3600	*	50.783762779272	20	8
204	chr19	4449000	4449999	1000	*	52.104673647023	5	4
205	chr19	4476500	4478449	1950	*	51.3999324272884	9	7
206	chr19	4510350	4511149	800	*	48.9376590604682	8	8
207	chr19	4615100	4616149	1050	*	49.6949144626859	9	6
208	chr19	4625250	4626399	1150	*	69.0960400971369	11	8
209	chr19	4698100	4698699	600	*	47.7577190915638	6	6
210	chr19	4711650	4712849	1200	*	40.5990512120347	8	6
211	chr19	4756150	4758099	1950	*	69.8286212733181	9	8
212	chr19	4810950	4811649	700	*	33.2438743272921	6	6
213	chr19	4855150	4855749	600	*	51.1488549171612	7	7
214	chr19	4878500	4879149	650	*	50.7251681973244	8	8
215	chr19	4942700	4943249	550	*	48.9463633236102	6	6
216	chr19	4978400	4979349	950	*	44.3404389169853	4	4
217	chr19	5038450	5039149	700	*	55.4039137794299	7	7
218	chr19	5068000	5068599	600	*	64.7841677892969	8	8
219	chr19	5081700	5082349	650	*	33.5607693931993	4	4
220	chr19	5085050	5086049	1000	*	35.3646229901937	7	6
221	chr19	5098050	5098849	800	*	37.7129393366983	5	5
222	chr19	5106650	5107249	600	*	55.3703840464252	6	6
223	chr19	5117800	5120099	2300	*	54.8065052404434	12	8
224	chr19	5251200	5252349	1150	*	27.1053062672917	4	4
225	chr19	5272500	5273649	1150	*	57.996342301672	11	7
226	chr19	5275450	5276199	750	*	28.5048652171512	4	4
227	chr19	5306900	5307699	800	*	55.2926746355202	8	8
228	chr19	5307750	5309099	1350	*	21.5664558755284	4	4
229	chr19	5327750	5328349	600	*	28.2498893332086	5	5
230	chr19	5355000	5355949	950	*	25.5754211293929	4	4
231	chr19	5366250	5366799	550	*	65.8309751044291	7	7
232	chr19	5388250	5389299	1050	*	44.9728823333472	8	8
233	chr19	5424200	5425099	900	*	50.9342851841656	5	5
234	chr19	5425100	5425649	550	*	41.1554444011533	4	4
235	chr19	5456950	5458849	1900	*	83.9321986231446	9	8
236	chr19	5474200	5475149	950	*	42.1223016240039	5	5
237	chr19	5490600	5492499	1900	*	72.8285719315167	10	8
238	chr19	5560800	5561399	600	*	38.7170959702311	6	6
239	chr19	5567350	5569399	2050	*	62.5267510094466	11	8
240	chr19	5592800	5593599	800	*	36.3062980073912	6	6
241	chr19	5601750	5602399	650	*	60.1127605757717	7	7
242	chr19	5637250	5638849	1600	*	52.3260760258578	10	8
243	chr19	5653950	5655149	1200	*	53.9672512737525	8	7
244	chr19	5660650	5661299	650	*	48.4912696555663	6	6
245	chr19	5663150	5663949	800	*	30.4702978562867	4	4
246	chr19	5687850	5688799	950	*	50.2225452275952	7	7
247	chr19	5695850	5696449	600	*	69.0355309752101	7	7
248	chr19	5726000	5726599	600	*	44.3647407228903	6	6
249	chr19	5729100	5729799	700	*	49.9742216814126	7	7
250	chr19	5741650	5743549	1900	*	46.5523529997304	10	7
251	chr19	5756650	5757699	1050	*	39.9220614737849	6	5
252	chr19	5770600	5771599	1000	*	62.2107900526368	8	7
253	chr19	5775950	5777199	1250	*	24.70877847043	9	7
254	chr19	5803000	5804049	1050	*	28.7765677997719	6	4
255	chr19	5817350	5818449	1100	*	29.2076632351401	4	4
256	chr19	5893850	5894349	500	*	53.8940427872616	5	5
257	chr19	5912150	5913249	1100	*	43.0196566438561	8	7
258	chr19	5938250	5939399	1150	*	30.3568859221368	5	4
259	chr19	6015300	6016149	850	*	41.4255048434478	4	4
260	chr19	6046950	6047549	600	*	59.0516250538558	7	7
261	chr19	6057550	6058199	650	*	68.4878993685399	8	8
262	chr19	6061100	6063099	2000	*	72.9349160248344	12	8
263	chr19	6117600	6119799	2200	*	60.7261492319141	13	8
264	chr19	6140600	6141349	750	*	47.1882630346132	7	7
265	chr19	6180650	6181799	1150	*	34.0169610605612	4	4
266	chr19	6235400	6235999	600	*	68.6383443141043	8	8
267	chr19	6241450	6242049	600	*	46.3307030220865	7	7
268	chr19	6276450	6277799	1350	*	50.7464055862798	11	7
269	chr19	6306450	6307049	600	*	51.718768958424	8	8
270	chr19	6328900	6329799	900	*	34.8506697597762	5	5
271	chr19	6335150	6335749	600	*	34.5174377025406	5	5
272	chr19	6341100	6341649	550	*	56.3082990212071	6	6
273	chr19	6363800	6364899	1100	*	77.8534367420613	11	8
274	chr19	6399200	6401099	1900	*	62.6811763697929	7	6
275	chr19	6412850	6413549	700	*	33.6631598255939	4	4
276	chr19	6428300	6430199	1900	*	66.9577156961645	9	7
277	chr19	6497900	6498899	1000	*	54.536057023066	8	7
278	chr19	6531400	6532199	800	*	55.7411001597381	7	7
279	chr19	6914700	6915849	1150	*	46.240212705416	8	7
280	chr19	6996100	6996649	550	*	36.5474119629891	5	5
281	chr19	7008300	7008899	600	*	50.3128800258252	7	7
282	chr19	7015800	7016799	1000	*	53.7229236378239	10	8
283	chr19	7043750	7045199	1450	*	39.4077276483651	10	7
284	chr19	7054550	7055099	550	*	70.7069928140673	7	7
285	chr19	7059650	7060249	600	*	34.1711542274669	6	6
286	chr19	7061550	7062799	1250	*	38.9734272442841	9	6
287	chr19	7113800	7115699	1900	*	38.6988231833066	7	6
288	chr19	7130950	7132049	1100	*	43.215814754351	6	5
289	chr19	7225150	7225749	600	*	50.454945469011	5	5
290	chr19	7239450	7240849	1400	*	41.6200775076984	8	7
291	chr19	7280100	7281149	1050	*	48.0398746493367	7	5
292	chr19	7291600	7292249	650	*	55.1796879618414	7	7
293	chr19	7315300	7317299	2000	*	76.5774669578418	11	8
294	chr19	7342750	7344999	2250	*	53.6916473499308	11	8
295	chr19	7345950	7346549	600	*	41.1796267496721	6	6
296	chr19	7415600	7416299	700	*	56.4467250160505	7	7
297	chr19	7456900	7457799	900	*	49.8599796798639	6	6
298	chr19	7491300	7493299	2000	*	57.7314202978986	14	8
299	chr19	7495500	7496249	750	*	43.7332200986007	6	6
300	chr19	7497000	7498349	1350	*	53.8408002006384	14	8
301	chr19	7557150	7559049	1900	*	47.8638136649652	8	6
302	chr19	7568650	7571049	2400	*	50.6006437404522	10	7
303	chr19	7571800	7573099	1300	*	36.1511873063027	5	5
304	chr19	7686750	7687799	1050	*	56.7082717439589	8	8
305	chr19	7742500	7743099	600	*	34.4029108482303	4	4
306	chr19	8252400	8254699	2300	*	51.962928142591	5	4
307	chr19	8326450	8327249	800	*	49.4384932199542	7	7
308	chr19	8612950	8613749	800	*	42.4670984990965	4	4
309	chr19	8831300	8833249	1950	*	55.6946152323529	9	7
310	chr19	8848900	8850849	1950	*	68.1935592119004	9	7
311	chr19	8864800	8865949	1150	*	35.1282942000371	6	5
312	chr19	8894200	8896449	2250	*	56.6310128217737	10	6
313	chr19	8945850	8946449	600	*	64.2832972503804	7	7
314	chr19	8994850	8995449	600	*	58.2493987418619	6	6
315	chr19	8998750	8999549	800	*	29.5647354005603	4	4
316	chr19	9004000	9005949	1950	*	42.6524023561941	10	8
317	chr19	9016200	9017049	850	*	54.7446782015382	8	8
318	chr19	9031900	9033149	1250	*	33.3155021748028	4	4
319	chr19	9063600	9064099	500	*	54.6470175045268	7	7
320	chr19	9209800	9210349	550	*	43.7514298574847	5	5
321	chr19	9583050	9584399	1350	*	25.6995601099613	4	4
322	chr19	9794550	9795299	750	*	28.1190126829002	4	4
323	chr19	9869100	9870249	1150	*	33.5602710039185	4	4
324	chr19	9898900	9899649	750	*	22.7233966245958	5	5
325	chr19	10056800	10057349	550	*	73.4071203464379	7	7
326	chr19	10092500	10093049	550	*	65.1072894144651	6	6
327	chr19	10115550	10116699	1150	*	59.9810129673186	9	7
328	chr19	10257050	10259099	2050	*	56.2730285000597	8	7
329	chr19	10315050	10315599	550	*	48.1194286335579	6	6
330	chr19	10379200	10379749	550	*	66.5719668913313	7	7
331	chr19	10463350	10464599	1250	*	35.9903270304204	9	7
332	chr19	10497150	10497699	550	*	70.1914282737058	6	6
333	chr19	10500650	10501249	600	*	65.2936230854949	6	6
334	chr19	10531100	10533349	2250	*	54.6167373039963	13	8
335	chr19	10599800	10601699	1900	*	60.2451540594099	9	7
336	chr19	10679800	10680449	650	*	30.0611516801955	4	4
337	chr19	10735250	10735999	750	*	36.9824040285193	4	4
338	chr19	10763050	10765049	2000	*	58.6835436719004	9	8
339	chr19	10830800	10831699	900	*	39.2220037635566	4	4
340	chr19	10969600	10970199	600	*	69.6257652270155	7	7
341	chr19	11117500	11118049	550	*	35.1045824629564	4	4
342	chr19	11119250	11119949	700	*	34.9270027985979	5	5
343	chr19	11195450	11196199	750	*	32.1652542851569	6	6
344	chr19	11364450	11365349	900	*	38.6286315407809	5	5
345	chr19	11467150	11467799	650	*	27.520284771661	6	6
346	chr19	11874550	11875299	750	*	28.7781894054075	7	7
347	chr19	11892950	11894849	1900	*	74.5626039287146	7	6
348	chr19	11986500	11987599	1100	*	37.2070896043635	7	6
349	chr19	12039700	12040499	800	*	37.1308275260201	6	6
350	chr19	12137400	12138799	1400	*	33.8199855678326	7	6
351	chr19	12260000	12260949	950	*	35.3258331784339	4	4
352	chr19	12377900	12378949	1050	*	26.6933928597303	4	4
353	chr19	12575400	12576649	1250	*	67.6279124594662	13	8
354	chr19	12670300	12670949	650	*	61.7840464459111	6	6
355	chr19	12869950	12870599	650	*	57.2946134105918	6	6
356	chr19	13680850	13681749	900	*	29.4129391562173	5	5
357	chr19	13735700	13736399	700	*	52.5314557867022	4	4
358	chr19	13744300	13745249	950	*	32.8694502908104	4	4
359	chr19	14037500	14038249	750	*	28.0026244481003	4	4
360	chr19	14079450	14079949	500	*	27.0102907435184	4	4
361	chr19	14218600	14219849	1250	*	42.7374620576165	5	5
362	chr19	14281100	14281799	700	*	32.7302690622786	4	4
363	chr19	14502400	14503049	650	*	23.0975514112476	4	4
364	chr19	14671550	14672149	600	*	68.9496897368892	5	5
365	chr19	14672300	14674049	1750	*	43.5068944387985	9	7
366	chr19	14788700	14789999	1300	*	35.6032389975722	5	4
367	chr19	14813550	14814549	1000	*	31.0728652752417	7	6
368	chr19	14910700	14911299	600	*	27.2881011439047	4	4
369	chr19	15026550	15027799	1250	*	34.8891742827152	6	5
370	chr19	15061950	15063249	1300	*	32.2352820510536	7	6
371	chr19	15382700	15383249	550	*	52.800138862244	8	8
372	chr19	15601300	15602199	900	*	21.7759492487012	4	4
373	chr19	16011300	16011999	700	*	29.5380161024218	4	4
374	chr19	16059050	16059549	500	*	89.2393349885909	7	7
375	chr19	16206450	16207449	1000	*	42.9377375499903	5	5
376	chr19	16207600	16208799	1200	*	44.9870809329294	6	5
377	chr19	16644900	16645549	650	*	27.6187201352685	4	4
378	chr19	16718600	16719599	1000	*	39.165843829398	5	5
379	chr19	16855050	16855649	600	*	56.5218746281148	7	7
380	chr19	16946750	16947899	1150	*	50.7660335839785	9	6
381	chr19	16967550	16968149	600	*	27.1231764760449	4	4
382	chr19	17441800	17442849	1050	*	27.4567308488996	5	4
383	chr19	17468300	17470999	2700	*	54.0264708336847	11	7
384	chr19	17721500	17722199	700	*	37.8763002483207	4	4
385	chr19	17911350	17912999	1650	*	67.0958338296307	10	8
386	chr19	18105100	18106049	950	*	30.1565554787863	5	5
387	chr19	18236500	18237199	700	*	39.8177331481939	4	4
388	chr19	18244500	18245149	650	*	22.7438654315651	4	4
389	chr19	18705650	18707049	1400	*	67.3750991036875	8	7
390	chr19	18744950	18746099	1150	*	37.2127613753629	9	7
391	chr19	18787450	18789649	2200	*	57.9678110111798	12	8
392	chr19	18838300	18840199	1900	*	28.8527408581407	6	4
393	chr19	19059850	19060649	800	*	34.8109575021036	4	4
394	chr19	19221650	19222249	600	*	38.9637099020521	4	4
395	chr19	19445050	19446449	1400	*	29.7444678948711	6	4
396	chr19	19548150	19549399	1250	*	31.5139039602699	6	5
397	chr19	19795850	19796599	750	*	26.1111929613798	4	4
398	chr19	19895850	19897449	1600	*	30.1553286847494	5	4
399	chr19	19968500	19969349	850	*	24.8454493414283	6	6
400	chr19	20001450	20002249	800	*	29.8467426371673	5	5
401	chr19	20497250	20498349	1100	*	27.4361587242065	6	5
402	chr19	20807400	20808699	1300	*	39.2978585488964	6	5
403	chr19	20959600	20960099	500	*	26.7621569231276	4	4
404	chr19	21057100	21057799	700	*	34.7456504942625	4	4
405	chr19	21346100	21347799	1700	*	61.1814008565173	14	7
406	chr19	21546650	21547249	600	*	47.4711195942858	8	8
407	chr19	21727900	21728449	550	*	59.6541556098445	6	6
408	chr19	21852550	21853199	650	*	83.3668893877215	8	8
409	chr19	22480800	22481249	450	*	26.3527517285141	4	4
410	chr19	23015900	23016749	850	*	31.1471388540139	4	4
411	chr19	23101800	23102699	900	*	32.8577535968425	5	4
412	chr19	23206850	23207449	600	*	28.2361173267424	4	4
413	chr19	23210350	23212249	1900	*	45.2162925027659	8	6
414	chr19	23215150	23217949	2800	*	61.0843319152686	14	7
415	chr19	23318600	23319299	700	*	25.8329697314768	4	4
416	chr19	23347800	23348799	1000	*	44.5484777793154	8	7
417	chr19	23761550	23762549	1000	*	52.1570575285725	9	8
418	chr19	23833200	23833999	800	*	50.1029122128148	8	8
419	chr19	23954250	23955249	1000	*	43.2812762282562	7	6
420	chr19	23967200	23968999	1800	*	65.244337606061	13	7
421	chr19	24205400	24205949	550	*	53.0622895522814	8	8
422	chr19	24219950	24220499	550	*	34.7547903848645	6	6
423	chr19	24248250	24249299	1050	*	61.6486678016477	9	6
424	chr19	24296700	24297599	900	*	37.8911416256884	5	5
425	chr19	24299050	24299649	600	*	50.4533912617573	6	6
426	chr19	24354500	24355249	750	*	77.258347394164	7	7
427	chr19	24450700	24451749	1050	*	26.6392358307108	7	7
428	chr19	24551350	24552899	1550	*	68.5902900392538	11	8
429	chr19	24630000	24631199	1200	*	67.8768587766777	8	7
430	chr19	24803200	24803899	700	*	31.1449201804711	5	5
431	chr19	24935700	24936699	1000	*	47.5175015956939	9	8
432	chr19	24971600	24974999	3400	*	45.3370637478087	13	7
433	chr19	25073950	25074549	600	*	52.7613122927032	7	7
434	chr19	25084550	25085399	850	*	26.2188306432007	4	4
435	chr19	25131750	25132299	550	*	46.0322582300993	4	4
436	chr19	25311050	25311949	900	*	35.0689282947891	7	7
437	chr19	25348250	25349249	1000	*	29.1694291938503	5	4
438	chr19	25546200	25546949	750	*	30.6467867048343	5	5
439	chr19	25684950	25687049	2100	*	54.8114549255127	10	7
440	chr19	25747850	25748649	800	*	43.8263323782943	7	7
441	chr19	25838850	25839749	900	*	23.6167516885613	4	4
442	chr19	26406200	26407199	1000	*	28.0470718889558	4	4
443	chr19	26617800	26618399	600	*	30.626361732239	4	4
444	chr19	26679200	26679799	600	*	48.7410597422625	7	7
445	chr19	26681050	26682349	1300	*	49.4771611304535	12	7
446	chr19	26714750	26715299	550	*	45.7839351560252	5	5
447	chr19	27071650	27072549	900	*	33.0037339380853	4	4
448	chr19	27292000	27293349	1350	*	46.6921991450572	11	7
449	chr19	27458250	27459149	900	*	32.977195249497	7	7
450	chr19	27720050	27720899	850	*	32.5872861087579	5	5
451	chr19	27825550	27826449	900	*	28.7120352557285	7	7
452	chr19	28086100	28086699	600	*	46.7508355563345	6	6
453	chr19	28229950	28230399	450	*	114.254706250783	7	7
454	chr19	28274200	28274999	800	*	23.8070797070476	4	4
455	chr19	28352050	28352749	700	*	31.3483097854562	4	4
456	chr19	28753950	28755949	2000	*	41.9814949878719	11	7
457	chr19	28909200	28909799	600	*	61.5846035664648	8	8
458	chr19	29038250	29039249	1000	*	49.5581155405566	8	7
459	chr19	29064700	29065249	550	*	63.6408452454269	6	6
460	chr19	29121650	29124199	2550	*	62.6868123478883	11	7
461	chr19	29175250	29177699	2450	*	62.1616125302505	10	7
462	chr19	29326350	29326899	550	*	60.5892119740401	5	5
463	chr19	29489100	29489849	750	*	40.9646406941032	7	7
464	chr19	29498300	29499699	1400	*	32.6804972117703	7	6
465	chr19	29596950	29598249	1300	*	57.7758015474731	8	7
466	chr19	29712800	29713499	700	*	32.3075645395538	4	4
467	chr19	29722300	29724249	1950	*	68.8637954442059	10	7
468	chr19	29879900	29881099	1200	*	51.8510904674103	11	7
469	chr19	29921700	29922649	950	*	26.670190408665	5	5
470	chr19	30104400	30106999	2600	*	54.6745491371987	12	7
471	chr19	30249300	30250199	900	*	36.0940331581178	6	6
472	chr19	30472000	30472849	850	*	38.1056300103024	4	4
